product_hs92_code_source,product_hs92_code_target
6110,6104
6104,6110
6106,6104
6104,6106
6108,6107
6107,6108
6104,6109
6109,6104
6204,6206
6206,6204
6109,6110
6110,6109
6110,6106
6106,6110
6102,6104
6104,6102
6204,6203
6203,6204
6110,6102
6102,6110
6104,6204
6204,6104
6208,6207
6207,6208
6202,6201
6201,6202
6101,6103
6103,6101
6204,6110
6110,6204
8708,8512
8512,8708
6106,6109
6109,6106
6203,6205
6205,6203
6109,6206
6206,6109
7220,7219
7219,7220
8302,7326
7326,8302
6204,6109
6109,6204
8471,8473
8473,8471
8519,8527
8527,8519
6105,6106
6106,6105
6209,6103
6103,6209
3209,3208
3208,3209
6206,6209
6209,6206
6103,6207
6207,6103
6206,6103
6103,6206
6102,6101
6101,6102
8517,8471
8471,8517
6106,6103
6103,6106
6108,6208
6208,6108
6205,6206
6206,6205
6209,6111
6111,6209
4016,8512
8512,4016
7326,7616
7616,7326
8409,8708
8708,8409
9405,7616
7616,9405
2608,2607
2607,2608
6111,6102
6102,6111
8302,7616
7616,8302
9405,8302
8302,9405
8483,8708
8708,8483
6201,6102
6102,6201
3910,3911
3911,3910
8708,7320
7320,8708
6111,6114
6114,6111
6207,6107
6107,6207
8301,8302
8302,8301
8708,8302
8302,8708
8483,8481
8481,8483
6108,6111
6111,6108
6209,6205
6205,6209
6108,6207
6207,6108
6209,6207
6207,6209
8538,8536
8536,8538
7318,8483
8483,7318
6205,6101
6101,6205
6203,6201
6201,6203
4410,4411
4411,4410
6211,6203
6203,6211
8505,8543
8543,8505
2907,2914
2914,2907
6201,6211
6211,6201
6111,6105
6105,6111
6107,6203
6203,6107
6205,6105
6105,6205
8543,8531
8531,8543
6114,6101
6101,6114
4105,4106
4106,4105
9032,8537
8537,9032
8537,8538
8538,8537
8433,8432
8432,8433
8483,7320
7320,8483
6211,6114
6114,6211
8483,8409
8409,8483
6108,6101
6101,6108
8536,8537
8537,8536
8409,4009
4009,8409
9030,9031
9031,9030
8521,8518
8518,8521
6107,6208
6208,6107
8512,7009
7009,8512
6907,6908
6908,6907
8481,7320
7320,8481
4009,8512
8512,4009
8542,8541
8541,8542
8421,8409
8409,8421
8409,4016
4016,8409
9405,7326
7326,9405
6403,6404
6404,6403
7326,8419
8419,7326
6112,6201
6201,6112
5112,5111
5111,5112
4016,7326
7326,4016
8512,8547
8547,8512
4016,7318
7318,4016
8525,8529
8529,8525
7318,8481
8481,7318
9032,8419
8419,9032
8542,8473
8473,8542
4016,8537
8537,4016
8519,8523
8523,8519
6105,6114
6114,6105
8420,8463
8463,8420
9006,8521
8521,9006
8443,8471
8471,8443
6208,6114
6114,6208
8527,8518
8518,8527
8421,8428
8428,8421
8501,8503
8503,8501
8473,8523
8523,8473
8517,8473
8473,8517
8518,8519
8519,8518
6002,5807
5807,6002
7616,7608
7608,7616
1905,1904
1904,1905
4008,8416
8416,4008
3707,3911
3911,3707
6117,5807
5807,6117
3702,3701
3701,3702
3305,3402
3402,3305
7225,7226
7226,7225
8419,8481
8481,8419
707,702
702,707
8537,8547
8547,8537
9032,8481
8481,9032
8105,7502
7502,8105
5512,5516
5516,5512
8517,8504
8504,8517
9108,9114
9114,9108
6112,6115
6115,6112
8547,7616
7616,8547
1205,1514
1514,1205
4203,6202
6202,4203
8531,3926
3926,8531
3703,3707
3707,3703
8419,8421
8421,8419
8503,8301
8301,8503
3910,3707
3707,3910
8419,8428
8428,8419
8465,8422
8422,8465
7220,3909
3909,7220
8466,7318
7318,8466
8436,8433
8433,8436
8480,8466
8466,8480
8519,8473
8473,8519
8531,8518
8518,8531
7208,7209
7209,7208
8532,8533
8533,8532
9006,8518
8518,9006
7307,8466
8466,7307
2933,2934
2934,2933
8511,4009
4009,8511
6909,6903
6903,6909
8466,8208
8208,8466
8466,8482
8482,8466
3925,7610
7610,3925
4819,3923
3923,4819
8433,7322
7322,8433
8501,8504
8504,8501
4403,4407
4407,4403
9405,8301
8301,9405
8516,9401
9401,8516
8605,8603
8603,8605
3909,8428
8428,3909
9001,8543
8543,9001
4009,8516
8516,4009
2933,2935
2935,2933
6403,6402
6402,6403
6112,6212
6212,6112
9032,9026
9026,9032
8515,8479
8479,8515
8532,8543
8543,8532
8505,8531
8531,8505
8471,8519
8519,8471
9403,9401
9401,9403
4009,7320
7320,4009
5903,8480
8480,5903
8701,8704
8704,8701
8509,9405
9405,8509
5804,5810
5810,5804
8421,8413
8413,8421
7318,8516
8516,7318
7307,8421
8421,7307
5903,5801
5801,5903
8605,8607
8607,8605
8416,8530
8530,8416
3801,8545
8545,3801
2001,2005
2005,2001
8529,8517
8517,8529
8414,8413
8413,8414
5208,5209
5209,5208
8438,8422
8422,8438
8428,8414
8414,8428
7007,8530
8530,7007
7308,7610
7610,7308
9506,3926
3926,9506
8547,8546
8546,8547
9031,8543
8543,9031
6105,6208
6208,6105
8503,9032
9032,8503
8470,8527
8527,8470
7009,7007
7007,7009
8482,8607
8607,8482
7220,2907
2907,7220
8301,7007
7007,8301
8536,8535
8535,8536
8534,8542
8542,8534
3926,8536
8536,3926
5801,5408
5408,5801
6112,6107
6107,6112
5602,5906
5906,5602
9403,7610
7610,9403
1601,1602
1602,1601
8532,8522
8522,8532
7225,7211
7211,7225
8308,5903
5903,8308
7325,7308
7308,7325
4818,3402
3402,4818
8529,8521
8521,8529
8531,8470
8470,8531
8416,8428
8428,8416
3306,3305
3305,3306
8547,8503
8503,8547
3208,3214
3214,3208
206,201
201,206
8454,8420
8420,8454
8508,8467
8467,8508
8202,6805
6805,8202
8530,8707
8707,8530
6202,6403
6403,6202
8601,8607
8607,8601
7322,7610
7610,7322
3403,8514
8514,3403
2925,2924
2924,2925
8403,7322
7322,8403
8523,8471
8471,8523
4202,4203
4203,4202
9006,8527
8527,9006
6202,6112
6112,6202
8441,8422
8422,8441
7322,8607
8607,7322
8514,8479
8479,8514
3403,3506
3506,3403
2914,7220
7220,2914
9006,8529
8529,9006
8301,3926
3926,8301
5703,5702
5702,5703
8482,8414
8414,8482
3307,3305
3305,3307
8422,8515
8515,8422
4911,4901
4901,4911
5906,6805
6805,5906
7220,8420
8420,7220
5516,5515
5515,5516
7324,8516
8516,7324
5702,5705
5705,5702
8462,8463
8463,8462
8202,8424
8424,8202
7602,7404
7404,7602
8463,8457
8457,8463
8479,9027
9027,8479
8432,8436
8436,8432
3921,3920
3920,3921
5510,5509
5509,5510
8501,8414
8414,8501
8530,8433
8433,8530
6402,6404
6404,6402
8482,4010
4010,8482
6911,6912
6912,6911
8521,8527
8527,8521
2914,2930
2930,2914
9031,9033
9033,9031
8480,6805
6805,8480
7211,7212
7212,7211
7320,8482
8482,7320
8522,8521
8521,8522
7322,8432
8432,7322
7229,5603
5603,7229
8467,8424
8424,8467
7226,7211
7211,7226
8468,8515
8515,8468
5512,5515
5515,5512
5407,5512
5512,5407
3701,3707
3707,3701
3902,3901
3901,3902
8517,8443
8443,8517
8433,6806
6806,8433
1001,1003
1003,1001
3907,3908
3908,3907
7008,6806
6806,7008
8485,8479
8479,8485
6403,6406
6406,6403
8207,8412
8412,8207
7308,3922
3922,7308
6805,7007
7007,6805
8546,8414
8414,8546
6903,7009
7009,6903
1803,1804
1804,1803
8534,8541
8541,8534
4407,4409
4409,4407
8522,9001
9001,8522
8207,8514
8514,8207
9403,7324
7324,9403
3925,1601
1601,3925
9031,8479
8479,9031
7224,7228
7228,7224
8536,8505
8505,8536
1904,3402
3402,1904
7224,8707
8707,7224
5906,3909
3909,5906
9031,9027
9027,9031
8480,8477
8477,8480
9029,8505
8505,9029
7008,8607
8607,7008
8439,4806
4806,8439
7324,7412
7412,7324
6815,6903
6903,6815
5903,5906
5906,5903
8605,8601
8601,8605
9025,9033
9033,9025
7505,7507
7507,7505
3907,2917
2917,3907
7307,8484
8484,7307
8417,8455
8455,8417
8503,8402
8402,8503
9033,9030
9030,9033
7226,7222
7222,7226
8707,7007
7007,8707
3707,8209
8209,3707
8464,8461
8461,8464
5603,3919
3919,5603
3916,3214
3214,3916
8403,6806
6806,8403
7008,8530
8530,7008
6806,8412
8412,6806
8434,8436
8436,8434
8463,8460
8460,8463
5906,6903
6903,5906
4808,4819
4819,4808
3921,3923
3923,3921
8413,8501
8501,8413
8516,7321
7321,8516
8413,8484
8484,8413
3916,3925
3925,3916
3921,3925
3925,3921
8703,8707
8707,8703
8529,8504
8504,8529
6805,7211
7211,6805
8420,8457
8457,8420
9027,8524
8524,9027
7019,7008
7008,7019
5512,5514
5514,5512
7310,3921
3921,7310
6913,6912
6912,6913
9401,8544
8544,9401
8480,8208
8208,8480
9026,9027
9027,9026
9030,9027
9027,9030
7610,6810
6810,7610
6403,6405
6405,6403
8427,8514
8514,8427
8413,8412
8412,8413
3909,3506
3506,3909
8424,3919
3919,8424
8402,8546
8546,8402
8458,8461
8461,8458
808,809
809,808
8456,8457
8457,8456
9113,9111
9111,9113
6217,6117
6117,6217
9403,6810
6810,9403
5211,5210
5210,5211
8432,9403
9403,8432
8408,8407
8407,8408
8456,2907
2907,8456
3910,8427
8427,3910
7228,7211
7211,7228
8308,3926
3926,8308
6117,6505
6505,6117
3816,3214
3214,3816
704,706
706,704
7210,7209
7209,7210
8462,8420
8420,8462
8504,8538
8538,8504
8515,8208
8208,8515
6202,6117
6117,6202
6810,3925
3925,6810
8105,2605
2605,8105
1514,8403
8403,1514
8215,8211
8211,8215
8485,8208
8208,8485
8461,8460
8460,8461
5407,5515
5515,5407
3402,3923
3923,3402
9102,9101
9101,9102
2922,2916
2916,2922
7608,4010
4010,7608
7019,3214
3214,7019
8505,9033
9033,8505
8412,9026
9026,8412
3921,3214
3214,3921
2914,2926
2926,2914
2916,2914
2914,2916
3906,3910
3910,3906
7009,7412
7412,7009
3923,3917
3917,3923
3403,3821
3821,3403
8416,8417
8417,8416
8542,9013
9013,8542
2934,2932
2932,2934
3920,3923
3923,3920
8403,7008
7008,8403
8207,8515
8515,8207
1704,1905
1905,1704
1905,3402
3402,1905
6405,6404
6404,6405
2935,2934
2934,2935
8458,8457
8457,8458
9111,9114
9114,9111
8522,8541
8541,8522
7408,7407
7407,7408
2937,3001
3001,2937
8443,8541
8541,8443
8511,6903
6903,8511
3703,3701
3701,3703
8467,8202
8202,8467
6806,4902
4902,6806
7324,3922
3922,7324
8458,8456
8456,8458
5408,5407
5407,5408
4902,4901
4901,4902
4008,5602
5602,4008
2925,3801
3801,2925
6802,2515
2515,6802
8208,8417
8417,8208
8418,7013
7013,8418
4811,3909
3909,4811
8538,8535
8535,8538
6116,6505
6505,6116
8202,8603
8603,8202
7215,7217
7217,7215
5407,5210
5210,5407
6115,6212
6212,6115
5401,5807
5807,5401
5516,5210
5210,5516
8509,8508
8508,8509
4902,4911
4911,4902
8202,8412
8412,8202
4410,4805
4805,4410
9006,8522
8522,9006
7310,4819
4819,7310
2907,2916
2916,2907
3908,8456
8456,3908
3403,3215
3215,3403
2105,1601
1601,2105
5515,5801
5801,5515
3917,4819
4819,3917
8475,8485
8485,8475
3919,3215
3215,3919
7217,7216
7216,7217
3703,3702
3702,3703
5516,5408
5408,5516
9002,8443
8443,9002
3307,3405
3405,3307
5211,5209
5209,5211
4010,8402
8402,4010
7009,7005
7005,7009
5602,7212
7212,5602
8403,7325
7325,8403
8526,8470
8470,8526
9002,9013
9013,9002
8534,8443
8443,8534
7219,7218
7218,7219
4818,4803
4803,4818
8468,8514
8514,8468
3207,7219
7219,3207
3908,3403
3403,3908
5211,5801
5801,5211
7212,7210
7210,7212
9002,9001
9001,9002
6815,5602
5602,6815
3001,3821
3821,3001
2941,2935
2935,2941
5210,5801
5801,5210
8454,8458
8458,8454
8418,8450
8450,8418
8417,7325
7325,8417
2910,2907
2907,2910
1806,1704
1704,1806
6804,4010
4010,6804
7407,7411
7411,7407
9029,8526
8526,9029
7019,6815
6815,7019
9612,9613
9613,9612
2934,2925
2925,2934
8462,8465
8465,8462
5516,5407
5407,5516
3821,3504
3504,3821
9504,8510
8510,9504
8541,9002
9002,8541
4011,7312
7312,4011
401,403
403,401
1805,1804
1804,1805
6302,6303
6303,6302
6117,6307
6307,6117
1003,1514
1514,1003
4407,4408
4408,4407
7314,3922
3922,7314
9504,9506
9506,9504
1514,4805
4805,1514
4415,4418
4418,4415
6217,5807
5807,6217
1905,2105
2105,1905
8448,8446
8446,8448
3905,3506
3506,3905
5603,3906
3906,5603
6211,6307
6307,6211
8463,7412
7412,8463
5509,5211
5211,5509
7325,7307
7307,7325
1803,1805
1805,1803
8418,7321
7321,8418
2925,2921
2921,2925
5804,5807
5807,5804
5509,5210
5210,5509
3910,4002
4002,3910
5112,5408
5408,5112
8714,7020
7020,8714
2932,2918
2918,2932
7217,7306
7306,7217
8707,8701
8701,8707
4415,7308
7308,4415
3822,3821
3821,3822
105,407
407,105
7307,7412
7412,7307
7308,6810
6810,7308
7607,6804
6804,7607
8526,9033
9033,8526
6406,6307
6307,6406
6211,6210
6210,6211
6115,6406
6406,6115
2202,1905
1905,2202
5903,5806
5806,5903
8501,9029
9029,8501
3914,7507
7507,3914
2921,2920
2920,2921
7412,8451
8451,7412
3920,4823
4823,3920
3911,2916
2916,3911
4811,8416
8416,4811
4011,8402
8402,4011
3002,3821
3821,3002
3809,4811
4811,3809
1704,4819
4819,1704
3209,3917
3917,3209
7615,7323
7323,7615
8459,8458
8458,8459
6404,6505
6505,6404
4008,8417
8417,4008
6214,4202
4202,6214
403,406
406,403
6505,6212
6212,6505
2925,8603
8603,2925
8475,3919
3919,8475
7407,7409
7409,7407
4418,4421
4421,4418
3814,3208
3208,3814
1704,1904
1904,1704
7219,7229
7229,7219
5602,3916
3916,5602
4809,6909
6909,4809
7315,7325
7325,7315
4008,4011
4011,4008
3917,3922
3922,3917
9001,8548
8548,9001
7315,8484
8484,7315
8306,6913
6913,8306
7229,5902
5902,7229
6115,6307
6307,6115
4811,3919
3919,4811
8402,7309
7309,8402
8424,8485
8485,8424
8470,8472
8472,8470
4818,4823
4823,4818
4008,4005
4005,4008
3204,2936
2936,3204
6505,6307
6307,6505
1704,3401
3401,1704
8606,8602
8602,8606
8427,3822
3822,8427
4705,4703
4703,4705
4823,3209
3209,4823
4414,6912
6912,4414
3908,8457
8457,3908
2926,3701
3701,2926
2007,2005
2005,2007
6908,6910
6910,6908
8427,9022
9022,8427
8509,8510
8510,8509
5401,5806
5806,5401
2931,2933
2933,2931
3307,7608
7608,3307
3916,7321
7321,3916
3305,3304
3304,3305
8533,8504
8504,8533
8431,9026
9026,8431
8525,8528
8528,8525
5705,5703
5703,5705
3917,4808
4808,3917
8703,8704
8704,8703
9026,8526
8526,9026
202,206
206,202
6913,6911
6911,6913
6001,6002
6002,6001
3501,404
404,3501
3906,3404
3404,3906
9607,5806
5806,9607
9011,9030
9030,9011
8465,8207
8207,8465
8424,8439
8439,8424
3702,3911
3911,3702
2005,1904
1904,2005
7225,8209
8209,7225
4002,6909
6909,4002
7408,7409
7409,7408
1003,1205
1205,1003
4805,4808
4808,4805
6804,5603
5603,6804
3911,2910
2910,3911
8456,9017
9017,8456
3810,3702
3702,3810
9030,9025
9025,9030
7226,8475
8475,7226
8546,8455
8455,8546
7310,3209
3209,7310
4202,6404
6404,4202
7117,4202
4202,7117
8470,9001
9001,8470
3209,4818
4818,3209
702,706
706,702
6910,7321
7321,6910
1904,2105
2105,1904
8215,7323
7323,8215
2001,2007
2007,2001
4823,3208
3208,4823
4011,5902
5902,4011
704,702
702,704
4010,8546
8546,4010
7419,6815
6815,7419
7222,7315
7315,7222
3207,5603
5603,3207
4412,4408
4408,4412
8308,5806
5806,8308
8201,8203
8203,8201
202,201
201,202
8203,8211
8211,8203
7324,7019
7019,7324
8485,8207
8207,8485
4415,1601
1601,4415
4818,3305
3305,4818
1602,210
210,1602
7229,7225
7225,7229
7506,7505
7505,7506
5112,5309
5309,5112
4823,3405
3405,4823
1205,1001
1001,1205
1514,2303
2303,1514
8460,8462
8462,8460
8484,8511
8511,8484
7225,7219
7219,7225
8455,8454
8454,8455
8509,8450
8450,8509
4302,4303
4303,4302
3208,7212
7212,3208
9606,9607
9607,9606
8439,8461
8461,8439
9401,7608
7608,9401
8311,7312
7312,8311
8465,8441
8441,8465
9607,8308
8308,9607
8441,8439
8439,8441
6911,7013
7013,6911
7607,8422
8422,7607
8534,9013
9013,8534
7212,7229
7229,7212
7215,7228
7228,7215
4011,8450
8450,4011
8509,8511
8511,8509
6115,6302
6302,6115
5512,5804
5804,5512
2906,2910
2910,2906
3823,3215
3215,3823
7612,8309
8309,7612
8468,8467
8467,8468
8434,3004
3004,8434
8441,7607
7607,8441
2905,2901
2901,2905
3002,3822
3822,3002
5515,5211
5211,5515
304,303
303,304
5902,7312
7312,5902
3004,4911
4911,3004
809,810
810,809
2934,2922
2922,2934
7213,7217
7217,7213
2916,3907
3907,2916
8532,8534
8534,8532
406,8434
8434,406
7019,3816
3816,7019
4412,4409
4409,4412
2920,3908
3908,2920
7321,9401
9401,7321
5902,7005
7005,5902
7315,8441
8441,7315
8434,4902
4902,8434
1601,210
210,1601
3303,3304
3304,3303
3823,3701
3701,3823
3916,3920
3920,3916
8425,8439
8439,8425
2922,2906
2906,2922
7505,7218
7218,7505
3907,3906
3906,3907
7228,8455
8455,7228
2931,2924
2924,2931
3905,3906
3906,3905
4811,3816
3816,4811
207,1602
1602,207
7413,7408
7408,7413
7315,8455
8455,7315
3404,3907
3907,3404
3922,8716
8716,3922
7608,8303
8303,7608
9029,8511
8511,9029
8605,7224
7224,8605
2604,7501
7501,2604
4821,7310
7310,4821
7419,8308
8308,7419
2922,3204
3204,2922
7226,8603
8603,7226
8465,8438
8438,8465
8803,8411
8411,8803
3810,8475
8475,3810
2935,2922
2922,2935
8484,8407
8407,8484
2005,710
710,2005
8523,8524
8524,8523
8432,8716
8716,8432
8102,2841
2841,8102
7228,7227
7227,7228
7222,7218
7218,7222
3920,7306
7306,3920
8450,8415
8415,8450
7013,5703
5703,7013
8523,8542
8542,8523
5911,8404
8404,5911
2202,2105
2105,2202
7507,8108
8108,7507
4408,4409
4409,4408
8434,404
404,8434
9402,9019
9019,9402
7317,7306
7306,7317
8601,8603
8603,8601
8408,8701
8701,8408
8462,8474
8474,8462
7507,8401
8401,7507
8108,8102
8102,8108
3903,3902
3902,3903
7216,7215
7215,7216
4410,4415
4415,4410
9004,9506
9506,9004
3506,3212
3212,3506
9017,8467
8467,9017
2915,2923
2923,2915
3822,9018
9018,3822
5804,6002
6002,5804
7323,3924
3924,7323
9025,8526
8526,9025
9606,5401
5401,9606
3204,2924
2924,3204
8451,8468
8468,8451
8701,7224
7224,8701
5401,9607
9607,5401
3903,8475
8475,3903
2105,403
403,2105
5902,5503
5503,5902
9113,9114
9114,9113
7020,7006
7006,7020
2931,2918
2918,2931
8507,6804
6804,8507
8203,9017
9017,8203
1901,2106
2106,1901
4805,4411
4411,4805
3901,2901
2901,3901
3816,6902
6902,3816
8477,8442
8442,8477
7216,7306
7306,7216
4808,1806
1806,4808
6506,7020
7020,6506
6810,4415
4415,6810
8701,8706
8706,8701
8548,8540
8540,8548
8454,6804
6804,8454
3808,3004
3004,3808
2917,4002
4002,2917
2933,2937
2937,2933
7217,7214
7214,7217
3504,3001
3001,3504
4409,4418
4418,4409
2901,4002
4002,2901
3215,3506
3506,3215
8477,8468
8468,8477
7419,7411
7411,7419
4412,4407
4407,4412
3501,405
405,3501
305,302
302,305
7314,4820
4820,7314
5509,6001
6001,5509
5404,6815
6815,5404
8415,8407
8407,8415
6303,6304
6304,6303
9022,5911
5911,9022
7215,7214
7214,7215
5309,5408
5408,5309
7214,7216
7216,7214
7006,9002
9002,7006
9018,9019
9019,9018
705,704
704,705
7413,7407
7407,7413
4808,7306
7306,4808
8211,9105
9105,8211
7505,7222
7222,7505
2920,2929
2929,2920
9022,8209
8209,9022
7506,7502
7502,7506
8408,8706
8706,8408
8602,8604
8604,8602
5509,5402
5402,5509
9609,9608
9608,9609
7302,4814
4814,7302
2915,3206
3206,2915
8714,9209
9209,8714
4703,4702
4702,4703
5804,9607
9607,5804
8464,8477
8477,8464
8704,8408
8408,8704
8716,4902
4902,8716
8605,7302
7302,8605
405,404
404,405
2921,2924
2924,2921
2902,2901
2901,2902
9505,6702
6702,9505
8431,7309
7309,8431
9504,9612
9612,9504
8438,8436
8436,8438
9025,8423
8423,9025
8540,8539
8539,8540
9021,9018
9018,9021
7224,8406
8406,7224
9506,9613
9613,9506
8714,8476
8476,8714
8418,8303
8303,8418
2937,2932
2932,2937
1201,2304
2304,1201
7215,7213
7213,7215
2103,2104
2104,2103
4202,6217
6217,4202
102,201
201,102
3212,3823
3823,3212
1806,406
406,1806
8524,9022
9022,8524
8477,8451
8451,8477
3818,3810
3810,3818
3810,6909
6909,3810
8442,8454
8454,8442
8404,8406
8406,8404
3207,4809
4809,3207
5205,5209
5209,5205
3404,2917
2917,3404
808,810
810,808
8714,9612
9612,8714
3905,3212
3212,3905
7020,8472
8472,7020
3307,3005
3005,3307
3816,3405
3405,3816
6402,6405
6405,6402
7216,7213
7213,7216
2005,811
811,2005
5503,5501
5501,5503
406,404
404,406
8476,8451
8451,8476
8538,7419
7419,8538
9209,9608
9608,9209
4821,3405
3405,4821
3307,8418
8418,3307
9025,8524
8524,9025
9013,9011
9011,9013
8714,7006
7006,8714
1806,4410
4410,1806
9701,9703
9703,9701
8101,8209
8209,8101
8532,9013
9013,8532
806,809
809,806
8431,8425
8425,8431
3215,3212
3212,3215
9018,9022
9022,9018
6217,5401
5401,6217
7208,7210
7210,7208
2920,2924
2924,2920
8101,8102
8102,8101
7604,7013
7013,7604
8459,8461
8461,8459
5806,6506
6506,5806
4407,4401
4401,4407
305,1604
1604,305
2926,2920
2920,2926
8436,203
203,8436
9504,9004
9004,9504
7013,7323
7323,7013
7505,3703
3703,7505
9404,4820
4820,9404
4410,4401
4401,4410
8442,8524
8524,8442
6913,6914
6914,6913
3204,3809
3809,3204
4414,8215
8215,4414
1605,306
306,1605
2202,2203
2203,2202
809,813
813,809
9209,9612
9612,9209
7606,7607
7607,7606
2937,3002
3002,2937
3207,3905
3905,3207
6002,9606
9606,6002
2932,2941
2941,2932
8450,8451
8451,8450
405,402
402,405
8442,8423
8423,8442
7020,6914
6914,7020
3815,6909
6909,3815
8447,8452
8452,8447
9111,9108
9108,9111
2803,3904
3904,2803
8601,7302
7302,8601
6303,6911
6911,6303
2901,2909
2909,2901
3815,8427
8427,3815
8702,8704
8704,8702
3002,3001
3001,3002
5112,5107
5107,5112
504,206
206,504
6212,6406
6406,6212
3505,1108
1108,3505
2303,4805
4805,2303
8445,8448
8448,8445
8704,8706
8706,8704
2931,2921
2921,2931
2822,8105
8105,2822
9011,8548
8548,9011
4801,4810
4810,4801
7502,7501
7501,7502
207,203
203,207
8423,8476
8476,8423
9404,7314
7314,9404
2844,2612
2612,2844
3504,2923
2923,3504
8703,8407
8407,8703
9209,6506
6506,9209
4102,4105
4105,4102
9603,3005
3005,9603
103,203
203,103
9019,3822
3822,9019
7005,8528
8528,7005
9029,8508
8508,9029
8306,6912
6912,8306
8211,9017
9017,8211
9404,6303
6303,9404
8459,8464
8464,8459
406,405
405,406
4401,4408
4408,4401
1604,304
304,1604
9101,7113
7113,9101
8706,8508
8508,8706
2915,2903
2903,2915
5402,5514
5514,5402
7214,7213
7213,7214
3812,2918
2918,3812
9019,9021
9021,9019
3815,2923
2923,3815
3006,3002
3002,3006
7310,8309
8309,7310
2001,813
813,2001
2303,1001
1001,2303
3001,2923
2923,3001
9503,9506
9506,9503
2931,2932
2932,2931
8209,8464
8464,8209
8703,8408
8408,8703
9024,3914
3914,9024
305,304
304,305
705,702
702,705
1806,2007
2007,1806
6813,8407
8407,6813
3912,2923
2923,3912
811,710
710,811
9209,8476
8476,9209
2926,2933
2933,2926
6912,8215
8215,6912
712,710
710,712
4002,3810
3810,4002
7005,7208
7208,7005
206,1502
1502,206
8703,5911
5911,8703
2106,2103
2103,2106
3204,2918
2918,3204
7507,7508
7508,7507
3815,3702
3702,3815
8476,8425
8425,8476
3304,4911
4911,3304
203,206
206,203
8204,8205
8205,8204
7314,4817
4817,7314
806,808
808,806
9402,8716
8716,9402
8508,8415
8415,8508
8706,8203
8203,8706
4409,4421
4421,4409
4821,8309
8309,4821
8215,7615
7615,8215
5403,5309
5309,5403
3507,2936
2936,3507
1602,201
201,1602
3912,2915
2915,3912
8472,7006
7006,8472
3405,3808
3808,3405
8203,8205
8205,8203
3206,3212
3212,3206
8544,6910
6910,8544
7117,8306
8306,7117
6910,7612
7612,6910
3103,3105
3105,3103
4911,2106
2106,4911
4412,4418
4418,4412
2814,3102
3102,2814
2903,2912
2912,2903
2909,2910
2910,2909
8303,8415
8415,8303
2009,2007
2007,2009
3401,1101
1101,3401
2833,2836
2836,2833
2001,6802
6802,2001
8102,8112
8112,8102
5208,5205
5205,5208
8211,8205
8205,8211
6406,6402
6402,6406
3912,3404
3404,3912
8442,5911
5911,8442
7204,7602
7602,7204
8404,7312
7312,8404
6601,8510
8510,6601
4703,4804
4804,4703
7402,7403
7403,7402
403,404
404,403
8460,8459
8459,8460
5309,5111
5111,5309
810,702
702,810
4205,4203
4203,4205
8716,9406
9406,8716
2202,2103
2103,2202
8606,1001
1001,8606
904,910
910,904
3808,2106
2106,3808
2008,2007
2007,2008
7222,7223
7223,7222
6303,5705
5705,6303
7419,3918
3918,7419
2825,2841
2841,2825
2910,2926
2926,2910
4411,4418
4418,4411
7601,7605
7605,7601
710,709
709,710
2009,2008
2008,2009
210,203
203,210
707,2001
2001,707
1005,1201
1201,1005
7604,5703
5703,7604
7323,8507
8507,7323
5514,5513
5513,5514
4401,4403
4403,4401
9404,6304
6304,9404
8601,8604
8604,8601
4421,4412
4412,4421
4810,7607
7607,4810
4302,4301
4301,4302
9612,8540
8540,9612
6302,5209
5209,6302
3905,2915
2915,3905
704,810
810,704
9402,3005
3005,9402
5107,5111
5111,5107
5107,5309
5309,5107
3004,2106
2106,3004
5403,5402
5402,5403
3302,2936
2936,3302
9404,8544
8544,9404
3004,4901
4901,3004
1605,307
307,1605
8539,8415
8415,8539
4408,4403
4403,4408
9003,9004
9004,9003
5209,6002
6002,5209
5404,8712
8712,5404
3006,3003
3003,3006
6302,6405
6405,6302
9402,9018
9018,9402
8104,7606
7606,8104
3901,3904
3904,3901
8474,8438
8438,8474
401,405
405,401
7615,3924
3924,7615
6911,6910
6910,6911
403,2202
2202,403
8713,9402
9402,8713
8460,8464
8464,8460
5208,5513
5513,5208
6813,6902
6902,6813
4820,2103
2103,4820
8604,8606
8606,8604
6214,6215
6215,6214
7209,7213
7213,7209
7309,9028
9028,7309
810,709
709,810
2917,3904
3904,2917
2905,2909
2909,2905
8539,8510
8510,8539
7203,2814
2814,7203
3901,3903
3903,3901
4806,8425
8425,4806
2937,2921
2921,2937
706,701
701,706
1107,1003
1003,1107
3808,3306
3306,3808
6214,4203
4203,6214
303,302
302,303
9305,9303
9303,9305
3812,3823
3823,3812
9303,9306
9306,9303
8112,2841
2841,8112
8544,8507
8507,8544
4401,4421
4421,4401
8507,8528
8528,8507
7110,7506
7506,7110
3901,2902
2902,3901
8446,8445
8445,8446
8803,8805
8805,8803
703,712
712,703
9505,8306
8306,9505
8404,8311
8311,8404
4820,3401
3401,4820
4821,2103
2103,4821
8712,8715
8715,8712
3903,3206
3206,3903
8108,8112
8112,8108
3304,3306
3306,3304
1007,1005
1005,1007
103,4411
4411,103
8311,7005
7005,8311
6802,6801
6801,6802
6913,8712
8712,6913
3207,2917
2917,3207
8507,7006
7006,8507
8533,8548
8548,8533
8105,7501
7501,8105
6405,4203
4203,6405
3902,3904
3904,3902
8544,7309
7309,8544
8528,8539
8539,8528
306,307
307,306
201,1502
1502,201
5608,5607
5607,5608
3815,3404
3404,3815
2930,2935
2935,2930
2715,2714
2714,2715
9114,9102
9102,9114
808,706
706,808
1206,1001
1001,1206
6506,6914
6914,6506
401,1602
1602,401
7010,8309
8309,7010
2301,1504
1504,2301
4012,5404
5404,4012
207,2303
2303,207
9503,9505
9505,9503
3924,710
710,3924
2603,2616
2616,2603
8404,6506
6506,8404
9011,8472
8472,9011
9019,9504
9504,9019
3003,2936
2936,3003
3914,8108
8108,3914
8539,8472
8472,8539
8303,8311
8311,8303
302,304
304,302
706,705
705,706
3918,4814
4814,3918
4705,4702
4702,4705
7409,7411
7411,7409
6902,8545
8545,6902
8452,9606
9606,8452
7218,7205
7205,7218
7615,3306
3306,7615
1207,713
713,1207
9105,9004
9004,9105
6210,6212
6212,6210
4820,4817
4817,4820
7411,7408
7408,7411
4804,4802
4802,4804
9023,8423
8423,9023
7606,7205
7205,7606
2936,2906
2906,2936
5810,6217
6217,5810
9017,8406
8406,9017
7612,5911
5911,7612
4810,7411
7411,4810
3904,2815
2815,3904
1520,1519
1519,1520
6304,6305
6305,6304
7612,7407
7407,7612
9012,8101
8101,9012
4809,7223
7223,4809
8712,5510
5510,8712
4821,4817
4817,4821
3814,8309
8309,3814
2803,3206
3206,2803
8406,3801
3801,8406
2902,3902
3902,2902
2002,1509
1509,2002
8712,9503
9503,8712
9012,3703
3703,9012
1518,103
103,1518
8502,8429
8429,8502
2912,7223
7223,2912
3924,3304
3304,3924
8303,7314
7314,8303
1005,1104
1104,1005
3809,3903
3903,3809
4901,8438
8438,4901
7223,8204
8204,7223
1205,2303
2303,1205
5703,5402
5402,5703
4802,4702
4702,4802
8606,2716
2716,8606
3809,4810
4810,3809
5701,5702
5702,5701
4411,4421
4421,4411
5503,7312
7312,5503
8410,8406
8406,8410
3924,7907
7907,3924
5403,5111
5111,5403
3914,7218
7218,3914
2909,2906
2906,2909
1901,402
402,1901
9609,5402
5402,9609
4104,4101
4101,4104
5810,5208
5208,5810
7604,6807
6807,7604
3206,3918
3918,3206
4817,7612
7612,4817
7221,7223
7223,7221
3914,3801
3801,3914
8528,8540
8540,8528
1901,3808
3808,1901
2615,2614
2614,2615
5702,6302
6302,5702
8510,8305
8305,8510
9102,9004
9004,9102
4012,9608
9608,4012
807,709
709,807
9305,9306
9306,9305
6001,5514
5514,6001
7208,7201
7201,7208
8423,8540
8540,8423
2905,2814
2814,2905
713,708
708,713
1007,1201
1201,1007
2903,2909
2909,2903
8440,3823
3823,8440
7413,4803
4803,7413
6214,7117
7117,6214
3005,4809
4809,3005
8306,4420
4420,8306
7604,4803
4803,7604
1205,1206
1206,1205
2906,2912
2912,2906
3801,6902
6902,3801
407,207
207,407
1206,8606
8606,1206
102,104
104,102
8431,8474
8474,8431
808,704
704,808
5514,7615
7615,5514
1103,1101
1101,1103
5107,4302
4302,5107
8426,8430
8430,8426
7205,7302
7302,7205
7117,6215
6215,7117
9105,8205
8205,9105
9023,8101
8101,9023
102,4101
4101,102
9606,5810
5810,9606
8448,7221
7221,8448
3812,3809
3809,3812
5107,5510
5510,5107
3005,5601
5601,3005
2301,1604
1604,2301
5503,8311
8311,5503
4809,5404
5404,4809
7309,8474
8474,7309
8307,7907
7907,8307
9005,9011
9011,9005
8459,8431
8431,8459
2905,2902
2902,2905
712,813
813,712
2714,2713
2713,2714
4901,8474
8474,4901
1005,1206
1206,1005
7508,8108
8108,7508
6809,5404
5404,6809
7413,7409
7409,7413
2304,1005
1005,2304
8705,8429
8429,8705
8104,8425
8425,8104
2918,3006
3006,2918
6908,6802
6802,6908
9503,4414
4414,9503
9020,9014
9014,9020
9105,9102
9102,9105
4102,104
104,4102
303,305
305,303
2608,2616
2616,2608
1211,712
712,1211
8448,8535
8535,8448
9012,9023
9023,9012
5101,5105
5105,5101
2803,8401
8401,2803
1206,1003
1003,1206
8411,9014
9014,8411
7205,2821
2821,7205
6902,7208
7208,6902
7206,7203
7203,7206
2903,3818
3818,2903
7413,2620
2620,7413
1103,2302
2302,1103
2912,7606
7606,2912
2507,2904
2904,2507
7207,7201
7201,7207
8548,8525
8525,8548
6809,407
407,6809
4303,5112
5112,4303
9603,7117
7117,9603
2835,2833
2833,2835
2704,2708
2708,2704
8602,7302
7302,8602
407,602
602,407
5201,1202
1202,5201
4012,1520
1520,4012
8452,9507
9507,8452
1517,1901
1901,1517
709,707
707,709
2711,2709
2709,2711
8545,7304
7304,8545
1104,1103
1103,1104
5503,6914
6914,5503
4804,4702
4702,4804
4802,4801
4801,4802
9028,5601
5601,9028
8430,8429
8429,8430
5403,5510
5510,5403
2523,1101
1101,2523
9603,8452
8452,9603
1101,2302
2302,1101
7304,7305
7305,7304
9108,9102
9102,9108
1212,1211
1211,1212
1515,1516
1516,1515
1516,1517
1517,1516
7115,7110
7110,7115
9503,9603
9603,9503
5810,5007
5007,5810
3814,4707
4707,3814
9507,5607
5607,9507
9005,9023
9023,9005
7604,4817
4817,7604
2941,3003
3003,2941
2929,3812
3812,2929
2603,7402
7402,2603
8803,9014
9014,8803
2843,7110
7110,2843
401,407
407,401
4602,4420
4420,4602
3806,4703
4703,3806
7901,7403
7403,7901
4705,4804
4804,4705
7506,8401
8401,7506
1502,202
202,1502
2616,2607
2607,2616
2903,2815
2815,2903
2912,8401
8401,2912
8705,8426
8426,8705
2704,2803
2803,2704
9603,4908
4908,9603
8904,8906
8906,8904
9613,9608
9608,9613
3505,4005
4005,3505
7506,8105
8105,7506
8446,8440
8440,8446
8904,8905
8905,8904
2821,2904
2904,2821
3003,9021
9021,3003
2807,7403
7403,2807
6914,5510
5510,6914
2104,3306
3306,2104
103,401
401,103
7206,7207
7207,7206
813,806
806,813
2104,2101
2101,2104
7210,3918
3918,7210
6304,6301
6301,6304
9207,8525
8525,9207
103,210
210,103
9608,7907
7907,9608
1605,305
305,1605
712,2515
2515,712
504,806
806,504
2716,2620
2620,2716
7317,2104
2104,7317
6001,5702
5702,6001
709,602
602,709
7606,4810
4810,7606
2835,3103
3103,2835
2821,3913
3913,2821
8545,2826
2826,8545
9305,9005
9005,9305
2833,2807
2807,2833
2003,5601
5601,2003
7408,7403
7403,7408
7409,7403
7403,7409
3812,2821
2821,3812
602,604
604,602
6807,3814
3814,6807
1202,1207
1207,1202
3818,2821
2821,3818
3817,2815
2815,3817
8535,9028
9028,8535
707,809
809,707
1209,602
602,1209
504,1214
1214,504
3817,2902
2902,3817
9023,8502
8502,9023
8104,2849
2849,8104
3104,3105
3105,3104
7205,6813
6813,7205
910,804
804,910
7102,7103
7103,7102
2008,813
813,2008
2815,2929
2929,2815
9507,5608
5608,9507
5403,5601
5601,5403
204,4102
4102,204
4012,8709
8709,4012
6807,6809
6809,6807
9507,6116
6116,9507
7221,7227
7227,7221
8502,8702
8702,8502
3915,4707
4707,3915
4908,8305
8305,4908
102,1104
1104,102
4014,8305
8305,4014
1104,1702
1702,1104
811,2008
2008,811
3302,3006
3006,3302
2941,3006
3006,2941
603,602
602,603
5101,504
504,5101
6802,6907
6907,6802
9005,9012
9012,9005
714,801
801,714
4014,4012
4012,4014
2101,1901
1901,2101
2704,2701
2701,2704
7207,7203
7203,7207
4102,4106
4106,4102
7227,2849
2849,7227
2844,8401
8401,2844
3505,7210
7210,3505
806,703
703,806
4303,5111
5111,4303
3918,8101
8101,3918
210,207
207,210
3505,7209
7209,3505
8440,8405
8405,8440
3401,1515
1515,3401
8429,8426
8426,8429
8906,8905
8905,8906
1208,2306
2306,1208
2403,8478
8478,2403
7201,2814
2814,7201
9108,7410
7410,9108
1512,2306
2306,1512
2803,2929
2929,2803
4801,4705
4705,4801
1519,3505
3505,1519
7214,2523
2523,7214
2102,811
811,2102
7605,6807
6807,7605
6301,6305
6305,6301
8711,8205
8205,8711
4703,4802
4802,4703
7304,6813
6813,7304
4005,7907
7907,4005
6116,6001
6001,6116
6801,2515
2515,6801
8446,7221
7221,8446
2306,2304
2304,2306
9113,9108
9108,9113
4803,7614
7614,4803
1509,805
805,1509
3504,3503
3503,3504
8307,9028
9028,8307
2605,7501
7501,2605
701,703
703,701
2715,2713
2713,2715
302,307
307,302
9105,9613
9613,9105
7601,7202
7202,7601
8902,304
304,8902
1604,303
303,1604
1509,2515
2515,1509
105,2309
2309,105
3401,1103
1103,3401
6210,6116
6116,6210
4101,1104
1104,4101
8430,8705
8705,8430
2608,2603
2603,2608
7115,8102
8102,7115
7106,2841
2841,7106
2809,2835
2835,2809
714,804
804,714
4414,9613
9613,4414
6215,9507
9507,6215
8429,8709
8709,8429
2841,2613
2613,2841
3003,3913
3913,3003
3504,3507
3507,3504
2716,8104
8104,2716
2716,7202
7202,2716
9024,8411
8411,9024
7605,8545
8545,7605
4802,4806
4806,4802
3102,3105
3105,3102
6807,2713
2713,6807
6809,1518
1518,6809
2605,2822
2822,2605
1518,5601
5601,1518
3503,4814
4814,3503
8446,9005
9005,8446
9406,8702
8702,9406
2203,2201
2201,2203
3105,2835
2835,3105
6305,5205
5205,6305
9028,7304
7304,9028
7202,7201
7201,7202
7115,7106
7106,7115
7410,9114
9114,7410
504,1209
1209,504
5101,4102
4102,5101
8713,8448
8448,8713
2505,2517
2517,2505
8426,8502
8502,8426
6813,2833
2833,6813
2941,2930
2930,2941
8307,8410
8410,8307
7602,4707
4707,7602
4104,4105
4105,4104
8533,8305
8305,8533
708,910
910,708
101,3501
3501,101
303,8902
8902,303
7305,7209
7209,7305
4014,8715
8715,4014
2003,4414
4414,2003
1202,1007
1007,1202
8525,8533
8533,8525
1518,2620
2620,1518
6215,4205
4205,6215
1208,2304
2304,1208
7203,7201
7201,7203
8715,8204
8204,8715
1520,4813
4813,1520
204,5101
5101,204
1511,1513
1513,1511
104,4105
4105,104
910,2008
2008,910
6215,8452
8452,6215
9021,3913
3913,9021
6402,6210
6210,6402
1518,1520
1520,1518
8445,2929
2929,8445
8104,2835
2835,8104
1520,1517
1517,1520
9021,3507
3507,9021
2507,2508
2508,2507
701,1209
1209,701
8201,7907
7907,8201
9024,9010
9010,9024
4106,4104
4104,4106
7605,7305
7305,7605
4702,4801
4801,4702
4707,2309
2309,4707
6809,4302
4302,6809
713,1202
1202,713
705,701
701,705
8702,8705
8705,8702
2102,2104
2104,2102
8112,2825
2825,8112
1604,1504
1504,1604
1101,7010
7010,1101
6601,8715
8715,6601
3902,2815
2815,3902
2616,7402
7402,2616
3811,8805
8805,3811
102,105
105,102
910,2515
2515,910
2930,9012
9012,2930
8705,8709
8709,8705
3915,604
604,3915
701,707
707,701
8307,7304
7304,8307
4005,4015
4015,4005
5705,6214
6214,5705
1512,2716
2716,1512
402,3501
3501,402
7227,8410
8410,7227
703,1209
1209,703
4814,8715
8715,4814
4814,7305
7305,4814
2402,2403
2403,2402
3501,1502
1502,3501
7115,2843
2843,7115
2309,1702
1702,2309
8709,8535
8535,8709
9003,4908
4908,9003
1519,1517
1517,1519
2804,2811
2811,2804
7605,2704
2704,7605
4005,8307
8307,4005
5607,3915
3915,5607
8201,8713
8713,8201
2004,1702
1702,2004
5607,7317
7317,5607
2503,2708
2708,2503
7901,2807
2807,7901
9609,5513
5513,9609
7404,7204
7204,7404
8478,4813
4813,8478
2707,2710
2710,2707
8305,9003
9003,8305
703,713
713,703
2402,8478
8478,2402
6907,5501
5501,6907
804,807
807,804
1517,1507
1507,1517
705,1509
1509,705
8906,8901
8901,8906
2849,7202
7202,2849
6305,4107
4107,6305
3818,2804
2804,3818
7110,2930
2930,7110
5701,5705
5705,5701
1702,1108
1108,1702
4803,811
811,4803
7202,2519
2519,7202
2704,7110
7110,2704
8904,8901
8901,8904
2822,7502
7502,2822
1515,804
804,1515
3912,2507
2507,3912
1208,1007
1007,1208
4302,208
208,4302
9020,8405
8405,9020
8709,8201
8201,8709
8903,8901
8901,8903
3102,2905
2905,3102
6304,4205
4205,6304
2101,2403
2403,2101
2613,2608
2608,2613
3913,3507
3507,3913
7203,2601
2601,7203
4908,4014
4014,4908
2849,8410
8410,2849
9706,9703
9703,9706
4806,2811
2811,4806
7502,2825
2825,7502
9020,8803
8803,9020
1701,2207
2207,1701
7115,8112
8112,7115
8201,3406
3406,8201
7106,2825
2825,7106
9609,5608
5608,9609
8405,8502
8502,8405
8405,2811
2811,8405
2904,2807
2807,2904
8405,3811
3811,8405
8805,3503
3503,8805
511,2301
2301,511
3406,8713
8713,3406
1007,713
713,1007
4707,2204
2204,4707
1701,708
708,1701
6908,7010
7010,6908
4806,8713
8713,4806
4104,3915
3915,4104
1202,708
708,1202
6305,5208
5208,6305
7010,2203
2203,7010
8447,5007
5007,8447
1108,409
409,1108
3806,3913
3913,3806
5105,1214
1214,5105
7010,1108
1108,7010
8437,3503
3503,8437
105,1702
1702,105
2811,3912
3912,2811
2849,7305
7305,2849
4013,4014
4014,4013
3814,7317
7317,3814
708,804
804,708
1201,1208
1208,1201
7207,7601
7601,7207
5504,8711
8711,5504
4015,9609
9609,4015
5607,6306
6306,5607
104,4106
4106,104
8410,3603
3603,8410
2620,7301
7301,2620
4107,6301
6301,4107
9113,9003
9003,9113
1605,5608
5608,1605
2203,2208
2208,2203
8513,8506
8506,8513
6702,8513
8513,6702
2807,2620
2620,2807
6801,6908
6908,6801
9505,4015
4015,9505
2613,2825
2825,2613
2501,1103
1103,2501
2834,3105
3105,2834
2517,2203
2203,2517
2403,1519
1519,2403
5513,6301
6301,5513
6601,8513
8513,6601
1507,1512
1512,1507
2613,2607
2607,2613
1209,409
409,1209
204,101
101,204
1515,1902
1902,1515
8907,8903
8903,8907
204,104
104,204
2507,3806
3806,2507
6301,5608
5608,6301
2844,8805
8805,2844
5504,2811
2811,5504
2822,7501
7501,2822
4104,202
202,4104
7002,3503
3503,7002
2833,2904
2904,2833
101,1107
1107,101
2516,2505
2505,2516
6601,9505
9505,6601
2607,7106
7106,2607
3303,4813
4813,3303
8447,4908
4908,8447
805,2009
2009,805
5504,3806
3806,5504
2004,101
101,2004
302,1504
1504,302
8437,2309
2309,8437
1507,2207
2207,1507
7317,4013
4013,7317
2814,2711
2711,2814
1108,2309
2309,1108
1302,2939
2939,1302
101,1214
1214,101
2510,3103
3103,2510
4804,2507
2507,4804
4602,6704
6704,4602
2834,2836
2836,2834
1211,7801
7801,1211
7113,9111
9111,7113
604,601
601,604
8445,7221
7221,8445
5205,5513
5513,5205
9406,4813
4813,9406
2004,1502
1502,2004
8445,5504
5504,8445
105,2207
2207,105
8604,9305
9305,8604
4205,2003
2003,4205
4205,6116
6116,4205
307,2301
2301,307
9113,6601
6601,9113
2708,7301
7301,2708
2607,7901
7901,2607
714,803
803,714
7206,7601
7601,7206
208,1214
1214,208
1208,1207
1207,1208
8204,2827
2827,8204
2708,8602
8602,2708
1214,204
204,1214
9306,3603
3603,9306
8602,2844
2844,8602
3302,3507
3507,3302
2710,2713
2713,2710
1511,1801
1801,1511
402,202
202,402
1515,2002
2002,1515
2101,1519
1519,2101
7002,3811
3811,7002
6801,7303
7303,6801
9020,8903
8903,9020
2201,2517
2517,2201
8702,9303
9303,8702
2306,3102
3102,2306
9207,9010
9010,9207
9306,8604
8604,9306
3802,2508
2508,3802
2701,2601
2601,2701
6801,7614
7614,6801
7004,2708
2708,7004
2004,2834
2834,2004
4015,4013
4013,4015
9306,8710
8710,9306
2207,2302
2302,2207
2827,7227
7227,2827
1107,2102
2102,1107
9024,8803
8803,9024
9305,8710
8710,9305
2822,7402
7402,2822
802,2002
2002,802
6907,7614
7614,6907
3104,3103
3103,3104
4015,6702
6702,4015
8411,8805
8805,8411
7301,7303
7303,7301
8711,9207
9207,8711
603,604
604,603
1507,2304
2304,1507
1902,2002
2002,1902
6306,3406
3406,6306
1107,208
208,1107
603,601
601,603
3818,9024
9024,3818
7614,2102
2102,7614
2713,2712
2712,2713
1902,1516
1516,1902
2613,7106
7106,2613
7018,4909
4909,7018
6907,2003
2003,6907
2501,3103
3103,2501
208,4813
4813,208
3302,8411
8411,3302
7103,2615
2615,7103
3102,3104
3104,3102
3406,4909
4909,3406
4101,2501
2501,4101
2101,2102
2102,2101
2508,5501
5501,2508
2608,2529
2529,2608
1516,1511
1511,1516
4107,3915
3915,4107
3802,2827
2827,3802
2529,7901
7901,2529
2523,2715
2715,2523
3104,2834
2834,3104
8437,2712
2712,8437
801,1513
1513,801
409,2009
2009,409
2003,2004
2004,2003
4013,6702
6702,4013
2834,2712
2712,2834
901,1801
1801,901
803,807
807,803
8440,3811
3811,8440
8426,9020
9020,8426
2306,1207
1207,2306
9101,9111
9111,9101
3301,1211
1211,3301
1211,802
802,1211
9207,7410
7410,9207
4105,1212
1212,4105
8204,5504
5504,8204
2809,2510
2510,2809
6702,3406
3406,6702
2606,2818
2818,2606
6306,9406
9406,6306
5501,7614
7614,5501
2710,2503
2503,2710
5502,2843
2843,5502
4013,4107
4107,4013
7301,7206
7206,7301
2204,3303
3303,2204
2523,2520
2520,2523
7018,8212
8212,7018
7112,2207
2207,7112
4420,6704
6704,4420
301,307
307,301
1006,714
714,1006
714,1513
1513,714
9015,9014
9014,9015
2002,4106
4106,2002
4301,4705
4705,4301
2503,2707
2707,2503
2301,1605
1605,2301
8212,2403
2403,8212
7901,7601
7601,7901
2208,2204
2204,2208
8430,3603
3603,8430
3302,2939
2939,3302
1804,1801
1801,1804
1516,904
904,1516
901,803
803,901
2603,2604
2604,2603
2517,2516
2516,2517
9706,9701
9701,9706
7410,9003
9003,7410
2615,2605
2605,2615
6306,6704
6704,6306
8905,8901
8901,8905
2712,2530
2530,2712
4420,6306
6306,4420
5502,3811
3811,5502
2939,7508
7508,2939
9406,3303
3303,9406
3301,805
805,3301
4301,4303
4303,4301
2302,1701
1701,2302
2827,2904
2904,2827
9010,9015
9015,9010
2520,2501
2501,2520
7002,7508
7508,7002
901,603
603,901
7004,2843
2843,7004
8437,8440
8440,8437
4403,2302
2302,4403
2715,2503
2503,2715
2601,7207
7207,2601
2523,2402
2402,2523
2530,2529
2529,2530
603,904
904,603
1512,2204
2204,1512
4602,6210
6210,4602
8437,7303
7303,8437
2516,2529
2529,2516
2517,2715
2715,2517
9207,8506
8506,9207
7402,2529
2529,7402
3303,2208
2208,3303
7508,4801
4801,7508
4301,2703
2703,4301
2612,2602
2602,2612
1701,402
402,1701
2603,2601
2601,2603
5201,1207
1207,5201
4107,5205
5205,4107
1504,511
511,1504
801,1804
1804,801
3603,2508
2508,3603
7112,3603
3603,7112
802,7801
7801,802
2402,7404
7404,2402
4101,409
409,4101
7112,7602
7602,7112
2519,2804
2804,2519
8906,8903
8903,8906
2939,2843
2843,2939
807,2009
2009,807
4909,8212
8212,4909
1801,1803
1803,1801
8478,2508
2508,8478
2519,2530
2530,2519
807,805
805,807
1902,1509
1509,1902
2844,8710
8710,2844
1805,904
904,1805
208,4303
4303,208
8711,8513
8513,8711
4420,801
801,4420
802,1212
1212,802
2503,7301
7301,2503
2827,7002
7002,2827
3817,7004
7004,3817
7404,2204
2204,7404
802,2520
2520,802
2401,2516
2516,2401
4001,1513
1513,4001
9303,8710
8710,9303
2826,8430
8430,2826
1902,2505
2505,1902
8906,2707
2707,8906
7311,9303
9303,7311
1512,1201
1201,1512
7112,7404
7404,7112
8802,9014
9014,8802
7101,7113
7113,7101
2711,2707
2707,2711
5105,409
409,5105
2604,2616
2616,2604
904,604
604,904
1507,1701
1701,1507
4001,1801
1801,4001
2604,2530
2530,2604
8506,9010
9010,8506
5502,3817
3817,5502
8506,8001
8001,8506
7410,9010
9010,7410
7002,2939
2939,7002
2610,2604
2604,2610
2520,805
805,2520
5701,7018
7018,5701
1803,4001
4001,1803
901,1803
1803,901
2614,2530
2530,2614
2501,1107
1107,2501
7102,2615
2615,7102
5501,8447
8447,5501
2402,2208
2208,2402
7018,7303
7303,7018
8711,8506
8506,8711
4201,8212
8212,4201
1804,1513
1513,1804
2712,2519
2519,2712
801,4001
4001,801
3806,3802
3802,3806
7204,7112
7112,7204
3817,2804
2804,3817
4001,1511
1511,4001
8447,7018
7018,8447
8902,511
511,8902
301,4602
4602,301
2836,8111
8111,2836
8902,306
306,8902
2818,2601
2601,2818
2401,1006
1006,2401
8907,7311
7311,8907
9101,7101
7101,9101
3104,2703
2703,3104
2818,3802
3802,2818
8212,8478
8478,8212
8802,9015
9015,8802
1511,901
901,1511
8903,7311
7311,8903
2709,2707
2707,2709
5201,902
902,5201
7311,8609
8609,7311
2401,7801
7801,2401
511,306
306,511
8907,8901
8901,8907
8513,9101
9101,8513
902,7801
7801,902
2519,7206
7206,2519
2208,4907
4907,2208
8111,2804
2804,8111
1504,306
306,1504
7311,6309
6309,7311
2520,3301
3301,2520
2701,2614
2614,2701
1212,7801
7801,1212
5502,8710
8710,5502
2614,7103
7103,2614
7204,4403
4403,7204
2602,2614
2614,2602
2401,3301
3301,2401
4301,4201
4201,4301
2711,2710
2710,2711
2505,2809
2809,2505
2710,2709
2709,2710
2505,2201
2201,2505
3802,2826
2826,3802
2826,7004
7004,2826
5502,7004
7004,5502
2809,8111
8111,2809
8905,2709
2709,8905
7303,5007
5007,7303
2610,2615
2615,2610
2818,2826
2826,2818
5007,6704
6704,5007
2701,8111
8111,2701
4907,7204
7204,4907
4907,7103
7103,4907
2401,1805
1805,2401
3301,5105
5105,3301
5201,1006
1006,5201
8001,7113
7113,8001
2701,2612
2612,2701
2201,7602
7602,2201
9706,1302
1302,9706
803,1006
1006,803
2610,2516
2516,2610
9015,8907
8907,9015
9703,6309
6309,9703
2711,8905
8905,2711
2610,7103
7103,2610
9701,8802
8802,9701
2602,2605
2605,2602
8001,7101
7101,8001
902,1006
1006,902
1212,301
301,1212
511,4909
4909,511
2836,2809
2809,2836
5105,601
601,5105
6704,301
301,6704
4909,5701
5701,4909
803,1805
1805,803
8609,8111
8111,8609
4602,5007
5007,4602
8609,6309
6309,8609
8907,8609
8609,8907
8802,9703
9703,8802
4201,6309
6309,4201
9015,7101
7101,9015
8802,6309
6309,8802
2836,2703
2703,2836
601,5101
5101,601
4907,2714
2714,4907
9703,1302
1302,9703
601,902
902,601
2818,2703
2703,2818
2612,2610
2610,2612
2714,2201
2201,2714
2703,7102
7102,2703
9701,1302
1302,9701
902,2714
2714,902
2602,2510
2510,2602
5201,4907
4907,5201
8904,7102
7102,8904
2709,8904
8904,2709
2602,2606
2606,2602
2606,7102
7102,2606
8902,301
301,8902
7113,4201
4201,7113
2612,2510
2510,2612
4201,8001
8001,4201
2606,2510
2510,2606

